<?xml version="1.0" encoding="UTF-8"?>
<routes xmlns:xsi="http://www.w3.org/2001/XMLSchema-instance" xsi:noNamespaceSchemaLocation="../file_ex/WalkerRoutes.xsd">
	<walker npcId="31361">
		<route id="0" string="" X="23436" Y="11164" Z="-3720" delay="0" run="true" />
		<route id="1" string="" X="20256" Y="11104" Z="-3720" delay="0" run="true" />
		<route id="2" string="" X="17330" Y="13579" Z="-3728" delay="0" run="true" />
		<route id="3" string="#1010214" X="17415" Y="13044" Z="-3736" delay="10" run="true" />
		<route id="4" string="" X="20153" Y="12880" Z="-3712" delay="0" run="true" />
		<route id="5" string="" X="21621" Y="13349" Z="-3624" delay="0" run="true" />
		<route id="6" string="" X="20686" Y="10432" Z="-3712" delay="0" run="true" />
		<route id="7" string="" X="22426" Y="10260" Z="-3648" delay="0" run="true" />
		<route id="8" string="" X="23436" Y="11164" Z="-3720" delay="0" run="true" />
	</walker>
	<walker npcId="31360">
		<route id="0" string="" X="10968" Y="14620" Z="-4240" delay="0" run="false" />
		<route id="1" string="" X="11308" Y="15847" Z="-4584" delay="0" run="false" />
		<route id="2" string="" X="12119" Y="16441" Z="-4584" delay="0" run="false" />
		<route id="3" string="#1010212" X="15104" Y="15661" Z="-4376" delay="5" run="false" />
		<route id="4" string="" X="15265" Y="16288" Z="-4376" delay="0" run="false" />
		<route id="5" string="" X="12292" Y="16934" Z="-4584" delay="0" run="false" />
		<route id="6" string="" X="11777" Y="17669" Z="-4584" delay="0" run="false" />
		<route id="7" string="" X="11229" Y="17650" Z="-4568" delay="0" run="false" />
		<route id="8" string="" X="10641" Y="17282" Z="-4584" delay="0" run="false" />
		<route id="9" string="#1010213" X="7683" Y="18034" Z="-4376" delay="5" run="false" />
		<route id="10" string="" X="10551" Y="16775" Z="-4584" delay="0" run="false" />
		<route id="11" string="" X="11004" Y="15942" Z="-4584" delay="0" run="false" />
		<route id="12" string="" X="10827" Y="14757" Z="-4240" delay="0" run="false" />
		<route id="13" string="" X="10968" Y="14620" Z="-4240" delay="0" run="false" />
	</walker>
	<walker npcId="31362">
		<route id="0" string="" X="115824" Y="-181564" Z="-1336" delay="20" run="false" />
		<route id="1" string="#1010218" X="116048" Y="-181575" Z="-1352" delay="0" run="false" />
		<route id="2" string="" X="116521" Y="-181476" Z="-1384" delay="0" run="false" />
		<route id="3" string="" X="116632" Y="-180022" Z="-1160" delay="0" run="false" />
		<route id="4" string="" X="115355" Y="-178617" Z="-928" delay="0" run="false" />
		<route id="5" string="" X="115763" Y="-177585" Z="-888" delay="0" run="false" />
		<route id="6" string="#1010219" X="115795" Y="-177361" Z="-880" delay="0" run="false" />
		<route id="7" string="" X="115877" Y="-177338" Z="-880" delay="15" run="false" />
		<route id="8" string="" X="115783" Y="-177493" Z="-880" delay="0" run="false" />
		<route id="9" string="" X="115112" Y="-179836" Z="-880" delay="0" run="false" />
		<route id="10" string="" X="115102" Y="-180026" Z="-872" delay="0" run="false" />
		<route id="11" string="#1010220" X="114876" Y="-180045" Z="-872" delay="30" run="false" />
		<route id="12" string="" X="114840" Y="-179694" Z="-872" delay="0" run="false" />
		<route id="13" string="" X="116322" Y="-179602" Z="-1088" delay="0" run="false" />
		<route id="14" string="" X="116792" Y="-180386" Z="-1200" delay="0" run="false" />
		<route id="15" string="" X="116319" Y="-181573" Z="-1384" delay="0" run="false" />
		<route id="16" string="" X="115824" Y="-181564" Z="-1336" delay="0" run="false" />
	</walker>
	<walker npcId="31363">
		<route id="0" string="" X="115744" Y="-183424" Z="-1472" delay="60" run="true" />
		<route id="1" string="" X="115878" Y="-183267" Z="-1472" delay="0" run="true" />
		<route id="2" string="" X="116116" Y="-183090" Z="-1496" delay="0" run="true" />
		<route id="3" string="#1010215" X="116587" Y="-184306" Z="-1568" delay="10" run="true" />
		<route id="4" string="" X="116392" Y="-184090" Z="-1560" delay="0" run="true" />
		<route id="5" string="" X="117083" Y="-182538" Z="-1520" delay="0" run="true" />
		<route id="6" string="#1010216" X="117802" Y="-182541" Z="-1528" delay="10" run="true" />
		<route id="7" string="#1010217" X="116720" Y="-182479" Z="-1512" delay="10" run="true" />
		<route id="8" string="" X="115857" Y="-183287" Z="-1472" delay="0" run="true" />
		<route id="9" string="" X="115744" Y="-183424" Z="-1472" delay="0" run="true" />
	</walker>
	<walker npcId="31359">
		<route id="0" string="" X="44964" Y="50568" Z="-3056" delay="0" run="false" />
		<route id="1" string="" X="44435" Y="50025" Z="-3056" delay="0" run="false" />
		<route id="2" string="" X="44455" Y="49078" Z="-3056" delay="0" run="false" />
		<route id="3" string="#1010208" X="45402" Y="48437" Z="-3056" delay="5" run="false" />
		<route id="4" string="#1010209" X="46104" Y="48788" Z="-3056" delay="5" run="false" />
		<route id="5" string="" X="46452" Y="49743" Z="-3056" delay="0" run="false" />
		<route id="6" string="" X="45730" Y="50590" Z="-3056" delay="60" run="false" />
	</walker>
	<walker npcId="31358">
		<route id="0" string="" X="43932" Y="51096" Z="-2992" delay="0" run="false" />
		<route id="1" string="" X="43304" Y="50364" Z="-2992" delay="0" run="false" />
		<route id="2" string="" X="43041" Y="49312" Z="-2992" delay="0" run="false" />
		<route id="3" string="" X="43612" Y="48322" Z="-2992" delay="0" run="false" />
		<route id="4" string="" X="44009" Y="47645" Z="-2992" delay="0" run="false" />
		<route id="5" string="#1010210" X="45309" Y="47341" Z="-2992" delay="5" run="false" />
		<route id="6" string="" X="46726" Y="47762" Z="-2992" delay="0" run="false" />
		<route id="7" string="" X="47509" Y="49004" Z="-2992" delay="0" run="false" />
		<route id="8" string="" X="47443" Y="50456" Z="-2992" delay="0" run="false" />
		<route id="9" string="#1010211" X="47013" Y="51287" Z="-2992" delay="60" run="false" />
	</walker>
	<walker npcId="31357">
		<route id="0" string="" X="-82428" Y="245204" Z="-3712" delay="0" run="false" />
		<route id="1" string="" X="-82198" Y="245361" Z="-3712" delay="0" run="false" />
		<route id="2" string="" X="-82091" Y="245028" Z="-3720" delay="0" run="false" />
		<route id="3" string="" X="-82381" Y="244911" Z="-3720" delay="0" run="false" />
		<route id="4" string="" X="-82935" Y="244481" Z="-3728" delay="0" run="false" />
		<route id="5" string="#1010205" X="-83980" Y="242776" Z="-3728" delay="10" run="false" />
		<route id="6" string="" X="-85966" Y="241371" Z="-3728" delay="0" run="false" />
		<route id="7" string="#1010206" X="-86079" Y="240868" Z="-3720" delay="5" run="false" />
		<route id="8" string="" X="-86076" Y="240392" Z="-3712" delay="0" run="false" />
		<route id="9" string="" X="-86519" Y="240706" Z="-3704" delay="0" run="false" />
		<route id="10" string="#1010207" X="-86343" Y="241130" Z="-3728" delay="60" run="false" />
	</walker>
	<walker npcId="31356">
		<route id="0" string="" X="-81926" Y="243894" Z="-3712" delay="3" run="true" />
		<route id="1" string="" X="-82134" Y="243600" Z="-3728" delay="0" run="true" />
		<route id="2" string="" X="-83182" Y="243723" Z="-3728" delay="0" run="true" />
		<route id="3" string="#1010202" X="-84486" Y="243236" Z="-3728" delay="5" run="true" />
		<route id="4" string="" X="-85205" Y="243187" Z="-3728" delay="0" run="true" />
		<route id="5" string="" X="-86152" Y="242898" Z="-3728" delay="0" run="true" />
		<route id="6" string="" X="-86288" Y="242962" Z="-3720" delay="0" run="true" />
		<route id="7" string="#1010203" X="-86352" Y="243207" Z="-3720" delay="5" run="true" />
		<route id="8" string="" X="-86501" Y="242762" Z="-3720" delay="0" run="true" />
		<route id="9" string="" X="-86500" Y="242615" Z="-3728" delay="0" run="true" />
		<route id="10" string="" X="-86123" Y="241606" Z="-3728" delay="0" run="true" />
		<route id="11" string="" X="-85207" Y="240698" Z="-3728" delay="0" run="true" />
		<route id="12" string="#1010204" X="-84066" Y="241285" Z="-3728" delay="5" run="true" />
		<route id="13" string="" X="-83215" Y="241170" Z="-3728" delay="0" run="true" />
		<route id="14" string="" X="-82364" Y="242944" Z="-3720" delay="0" run="true" />
		<route id="15" string="#1010201" X="-81674" Y="243391" Z="-3712" delay="60" run="true" />
		<route id="16" string="" X="-81926" Y="243894" Z="-3712" delay="0" run="true" />
	</walker>
	<walker npcId="31364">
		<route id="0" string="" X="-46516" Y="-117700" Z="-240" delay="0" run="false" />
		<route id="1" string="" X="-45550" Y="-115420" Z="-240" delay="0" run="false" />
		<route id="2" string="" X="-44052" Y="-114575" Z="-240" delay="0" run="false" />
		<route id="3" string="" X="-44024" Y="-112688" Z="-240" delay="0" run="false" />
		<route id="4" string="" X="-45748" Y="-111665" Z="-240" delay="0" run="false" />
		<route id="5" string="" X="-46512" Y="-109390" Z="-208" delay="5" run="false" />
	</walker>
	<walker npcId="31365">
		<route id="0" string="" X="-48820" Y="-113748" Z="-232" delay="0" run="false" />
		<route id="1" string="" X="-47365" Y="-113618" Z="-224" delay="0" run="false" />
		<route id="2" string="" X="-45678" Y="-113635" Z="-240" delay="0" run="false" />
		<route id="3" string="" X="-45168" Y="-114038" Z="-224" delay="0" run="false" />
		<route id="4" string="" X="-44671" Y="-114185" Z="-240" delay="0" run="false" />
		<route id="5" string="" X="-44199" Y="-113763" Z="-240" delay="0" run="false" />
		<route id="6" string="" X="-44312" Y="-113201" Z="-240" delay="0" run="false" />
		<route id="7" string="" X="-44844" Y="-112958" Z="-240" delay="0" run="false" />
		<route id="8" string="" X="-45717" Y="-113564" Z="-240" delay="0" run="false" />
		<route id="9" string="" X="-47370" Y="-113588" Z="-224" delay="0" run="false" />
		<route id="10" string="" X="-48821" Y="-113496" Z="-232" delay="10" run="false" />
		<route id="11" string="" X="-48820" Y="-113748" Z="-232" delay="0" run="false" />
	</walker>
	<walker npcId="32072">
		<route id="0" string="" X="84429" Y="-144065" Z="-1542" delay="10" run="false" />
		<route id="1" string="" X="84465" Y="-142493" Z="-1536" delay="0" run="false" />
		<route id="2" string="" X="85234" Y="-140963" Z="-1536" delay="0" run="false" />
		<route id="3" string="" X="87351" Y="-140059" Z="-1536" delay="5" run="false" />
		<route id="4" string="" X="89343" Y="-140746" Z="-1536" delay="0" run="false" />
		<route id="5" string="" X="90605" Y="-143167" Z="-1536" delay="0" run="false" />
		<route id="6" string="" X="90271" Y="-143869" Z="-1536" delay="10" run="false" />
		<route id="7" string="" X="90605" Y="-143167" Z="-1536" delay="0" run="false" />
		<route id="8" string="" X="89343" Y="-140746" Z="-1536" delay="0" run="false" />
		<route id="9" string="" X="87351" Y="-140059" Z="-1536" delay="5" run="false" />
		<route id="10" string="" X="85234" Y="-140963" Z="-1536" delay="0" run="false" />
		<route id="11" string="" X="84465" Y="-142493" Z="-1536" delay="0" run="false" />
	</walker>
	<walker npcId="32070">
		<route id="0" string="" X="84416" Y="-144052" Z="-1528" delay="5" run="true" />
		<route id="1" string="" X="84460" Y="-142495" Z="-1536" delay="0" run="true" />
		<route id="2" string="" X="85242" Y="-140949" Z="-1536" delay="0" run="true" />
		<route id="3" string="" X="87362" Y="-140059" Z="-1536" delay="5" run="true" />
		<route id="4" string="" X="89350" Y="-140750" Z="-1536" delay="0" run="true" />
		<route id="5" string="" X="90607" Y="-143176" Z="-1536" delay="0" run="true" />
		<route id="6" string="" X="90267" Y="-143883" Z="-1536" delay="5" run="true" />
	</walker>
	<walker npcId="29095">
		<route id="0" string="" X="147408" Y="-43552" Z="-2296" delay="0" run="false" />
		<route id="1" string="" X="147927" Y="-43264" Z="-2296" delay="0" run="false" />
		<route id="2" string="" X="148668" Y="-43435" Z="-2312" delay="0" run="false" />
		<route id="3" string="" X="149308" Y="-43910" Z="-2464" delay="0" run="false" />
		<route id="4" string="" X="150447" Y="-44190" Z="-2608" delay="0" run="false" />
		<route id="5" string="" X="151346" Y="-44070" Z="-2736" delay="4" run="false" />
		<route id="6" string="" X="152074" Y="-43362" Z="-2816" delay="0" run="false" />
		<route id="7" string="" X="152721" Y="-42632" Z="-2824" delay="0" run="false" />
		<route id="8" string="" X="153326" Y="-41826" Z="-2936" delay="0" run="false" />
		<route id="9" string="" X="153733" Y="-41173" Z="-3000" delay="0" run="false" />
		<route id="10" string="" X="154295" Y="-40347" Z="-3112" delay="4" run="false" />
		<route id="11" string="" X="154700" Y="-39687" Z="-3200" delay="0" run="false" />
		<route id="12" string="" X="155474" Y="-39961" Z="-3272" delay="0" run="false" />
		<route id="13" string="" X="155882" Y="-40436" Z="-3296" delay="0" run="false" />
		<route id="14" string="" X="156629" Y="-41452" Z="-3472" delay="0" run="false" />
		<route id="15" string="" X="156846" Y="-42484" Z="-3600" delay="4" run="false" />
		<route id="16" string="" X="156786" Y="-44059" Z="-3760" delay="0" run="false" />
		<route id="17" string="" X="157820" Y="-45121" Z="-3544" delay="0" run="false" />
		<route id="18" string="" X="158808" Y="-45454" Z="-3464" delay="0" run="false" />
		<route id="19" string="" X="159675" Y="-46178" Z="-3544" delay="0" run="false" />
		<route id="20" string="" X="160320" Y="-46947" Z="-3648" delay="4" run="false" />
		<route id="21" string="" X="159841" Y="-47765" Z="-3656" delay="0" run="false" />
		<route id="22" string="" X="158963" Y="-48596" Z="-3648" delay="0" run="false" />
		<route id="23" string="" X="159399" Y="-49889" Z="-3632" delay="0" run="false" />
		<route id="24" string="" X="159433" Y="-51854" Z="-3392" delay="0" run="false" />
		<route id="25" string="" X="159280" Y="-53297" Z="-3240" delay="4" run="false" />
		<route id="26" string="" X="159946" Y="-54651" Z="-3080" delay="0" run="false" />
		<route id="27" string="" X="160696" Y="-55985" Z="-2856" delay="0" run="false" />
		<route id="28" string="" X="160991" Y="-57416" Z="-2704" delay="0" run="false" />
		<route id="29" string="" X="160936" Y="-58715" Z="-2616" delay="0" run="false" />
		<route id="30" string="" X="160371" Y="-59892" Z="-2640" delay="4" run="false" />
		<route id="31" string="" X="158884" Y="-60114" Z="-2672" delay="0" run="false" />
		<route id="32" string="" X="157476" Y="-59727" Z="-2648" delay="0" run="false" />
		<route id="33" string="" X="155709" Y="-59670" Z="-2616" delay="0" run="false" />
		<route id="34" string="" X="155076" Y="-59988" Z="-2640" delay="0" run="false" />
		<route id="35" string="" X="154278" Y="-60389" Z="-2688" delay="4" run="false" />
		<route id="36" string="" X="153611" Y="-61611" Z="-2816" delay="0" run="false" />
		<route id="37" string="" X="153553" Y="-62292" Z="-2832" delay="0" run="false" />
		<route id="38" string="" X="153104" Y="-63694" Z="-2968" delay="0" run="false" />
		<route id="39" string="" X="151460" Y="-64204" Z="-3144" delay="0" run="false" />
		<route id="40" string="" X="149179" Y="-64630" Z="-3280" delay="4" run="false" />
		<route id="41" string="" X="147461" Y="-64792" Z="-3432" delay="0" run="false" />
		<route id="42" string="" X="145659" Y="-64514" Z="-3360" delay="0" run="false" />
		<route id="43" string="" X="144096" Y="-64402" Z="-3392" delay="0" run="false" />
		<route id="44" string="" X="141323" Y="-62083" Z="-3144" delay="0" run="false" />
		<route id="45" string="" X="140157" Y="-61442" Z="-3064" delay="4" run="false" />
		<route id="46" string="" X="138438" Y="-61664" Z="-3040" delay="0" run="false" />
		<route id="47" string="" X="138168" Y="-61294" Z="-3000" delay="0" run="false" />
		<route id="48" string="" X="138402" Y="-60920" Z="-3056" delay="0" run="false" />
		<route id="49" string="" X="138656" Y="-59869" Z="-3280" delay="0" run="false" />
		<route id="50" string="" X="138910" Y="-58621" Z="-3440" delay="4" run="false" />
		<route id="51" string="" X="138096" Y="-57667" Z="-3504" delay="0" run="false" />
		<route id="52" string="" X="138096" Y="-56967" Z="-3504" delay="0" run="false" />
		<route id="53" string="" X="138878" Y="-56655" Z="-3456" delay="0" run="false" />
		<route id="54" string="" X="139660" Y="-56120" Z="-3288" delay="0" run="false" />
		<route id="55" string="" X="139101" Y="-54466" Z="-3216" delay="4" run="false" />
		<route id="56" string="" X="139848" Y="-52589" Z="-2832" delay="0" run="false" />
		<route id="57" string="" X="139222" Y="-51369" Z="-2688" delay="0" run="false" />
		<route id="58" string="" X="139705" Y="-50039" Z="-2496" delay="0" run="false" />
		<route id="59" string="" X="139959" Y="-48987" Z="-2256" delay="0" run="false" />
		<route id="60" string="" X="140283" Y="-47506" Z="-2208" delay="4" run="false" />
		<route id="61" string="" X="140162" Y="-46243" Z="-2336" delay="0" run="false" />
		<route id="62" string="" X="142508" Y="-45584" Z="-2416" delay="0" run="false" />
		<route id="63" string="" X="143183" Y="-44563" Z="-2392" delay="0" run="false" />
		<route id="64" string="" X="144382" Y="-43528" Z="-2344" delay="0" run="false" />
		<route id="65" string="" X="145382" Y="-43318" Z="-2296" delay="4" run="false" />
		<route id="66" string="" X="147265" Y="-43588" Z="-2296" delay="0" run="false" />
	</walker>
	<walker npcId="35659">
		<!-- Suspicious Merchant - Shanty Fortress -->
		<route id="0" string="" X="-58672" Y="154703" Z="-2688" delay="30" run="false" />
		<route id="1" string="" X="-57522" Y="156523" Z="-2576" delay="15" run="false" />
		<route id="2" string="" X="-55226" Y="157117" Z="-2064" delay="0" run="false" />
		<route id="3" string="" X="-57528" Y="156515" Z="-2576" delay="0" run="false" />
		<route id="4" string="" X="-58660" Y="154706" Z="-2688" delay="0" run="false" />
		<route id="5" string="" X="-60174" Y="156182" Z="-2832" delay="0" run="false" />
		<route id="6" string="" X="-61834" Y="157703" Z="-3264" delay="0" run="false" />
		<route id="7" string="" X="-62761" Y="159101" Z="-3584" delay="0" run="false" />
		<route id="8" string="" X="-63472" Y="159672" Z="-3680" delay="0" run="false" />
		<route id="9" string="" X="-64072" Y="160631" Z="-3760" delay="0" run="false" />
		<route id="10" string="" X="-64387" Y="161877" Z="-3792" delay="0" run="false" />
		<route id="11" string="" X="-63842" Y="163092" Z="-3840" delay="15" run="false" />
		<route id="12" string="" X="-64397" Y="161831" Z="-3792" delay="0" run="false" />
		<route id="13" string="" X="-64055" Y="160587" Z="-3760" delay="0" run="false" />
		<route id="14" string="" X="-63461" Y="159656" Z="-3680" delay="0" run="false" />
		<route id="15" string="" X="-62744" Y="159095" Z="-3584" delay="0" run="false" />
		<route id="16" string="" X="-61831" Y="157693" Z="-3256" delay="0" run="false" />
		<route id="17" string="" X="-60152" Y="156167" Z="-2824" delay="0" run="false" />
		<route id="18" string="" X="-58652" Y="154707" Z="-2688" delay="0" run="false" />
		<route id="19" string="" X="-58672" Y="154703" Z="-2688" delay="0" run="false" />
	</walker>
	<walker npcId="35690">
		<!-- Suspicious Merchant - Southern Fortress -->
		<route id="0" string="" X="-28169" Y="216864" Z="-3544" delay="30" run="false" />
		<route id="1" string="" X="-29028" Y="215089" Z="-3672" delay="0" run="false" />
		<route id="2" string="" X="-30888" Y="213455" Z="-3656" delay="0" run="false" />
		<route id="3" string="" X="-31937" Y="211656" Z="-3656" delay="0" run="false" />
		<route id="4" string="" X="-30880" Y="211006" Z="-3552" delay="0" run="false" />
		<route id="5" string="" X="-27690" Y="210004" Z="-3272" delay="0" run="false" />
		<route id="6" string="" X="-25784" Y="210108" Z="-3272" delay="0" run="false" />
		<route id="7" string="" X="-21682" Y="211459" Z="-3272" delay="0" run="false" />
		<route id="8" string="" X="-18430" Y="212927" Z="-3704" delay="0" run="false" />
		<route id="9" string="" X="-16247" Y="212795" Z="-3664" delay="0" run="false" />
		<route id="10" string="" X="-16868" Y="214267" Z="-3648" delay="0" run="false" />
		<route id="11" string="" X="-17263" Y="215887" Z="-3552" delay="0" run="false" />
		<route id="12" string="" X="-18352" Y="216841" Z="-3504" delay="60" run="false" />
		<route id="13" string="" X="-17263" Y="215887" Z="-3552" delay="0" run="false" />
		<route id="14" string="" X="-16868" Y="214267" Z="-3648" delay="0" run="false" />
		<route id="15" string="" X="-16247" Y="212795" Z="-3664" delay="0" run="false" />
		<route id="16" string="" X="-18430" Y="212927" Z="-3704" delay="0" run="false" />
		<route id="17" string="" X="-21682" Y="211459" Z="-3272" delay="0" run="false" />
		<route id="18" string="" X="-25784" Y="210108" Z="-3272" delay="0" run="false" />
		<route id="19" string="" X="-27690" Y="210004" Z="-3272" delay="0" run="false" />
		<route id="20" string="" X="-30880" Y="211006" Z="-3552" delay="0" run="false" />
		<route id="21" string="" X="-31937" Y="211656" Z="-3656" delay="0" run="false" />
		<route id="22" string="" X="-30888" Y="213455" Z="-3656" delay="0" run="false" />
		<route id="23" string="" X="-29028" Y="215089" Z="-3672" delay="0" run="false" />
		<route id="24" string="" X="-28169" Y="216864" Z="-3544" delay="30" run="false" />
	</walker>
	<walker npcId="35728">
		<!-- Suspicious Merchant - Hive Fortress -->
		<route id="0" string="" X="19408" Y="189422" Z="-3136" delay="30" run="false" />
		<route id="1" string="" X="20039" Y="187700" Z="-3416" delay="0" run="false" />
		<route id="2" string="" X="19016" Y="185813" Z="-3552" delay="30" run="false" />
		<route id="3" string="" X="17959" Y="181955" Z="-3680" delay="0" run="false" />
		<route id="4" string="" X="16440" Y="181635" Z="-3616" delay="30" run="false" />
		<route id="5" string="" X="15679" Y="182540" Z="-3608" delay="0" run="false" />
		<route id="6" string="" X="15310" Y="182791" Z="-3568" delay="0" run="false" />
		<route id="7" string="" X="15242" Y="184507" Z="-3112" delay="30" run="false" />
		<route id="8" string="" X="15310" Y="182791" Z="-3568" delay="0" run="false" />
		<route id="9" string="" X="15679" Y="182540" Z="-3608" delay="0" run="false" />
		<route id="10" string="" X="16440" Y="181635" Z="-3616" delay="30" run="false" />
		<route id="11" string="" X="17959" Y="181955" Z="-3680" delay="0" run="false" />
		<route id="12" string="" X="19016" Y="185813" Z="-3552" delay="30" run="false" />
		<route id="13" string="" X="20039" Y="187700" Z="-3416" delay="0" run="false" />
		<route id="14" string="" X="19408" Y="189422" Z="-3136" delay="30" run="false" />
	</walker>
	<walker npcId="35759">
		<!-- Suspicious Merchant - Valley Fortress -->
		<route id="0" string="" X="123383" Y="121093" Z="-2864" delay="30" run="false" />
		<route id="1" string="" X="122670" Y="120890" Z="-3088" delay="0" run="false" />
		<route id="2" string="" X="124617" Y="119069" Z="-3088" delay="0" run="false" />
		<route id="3" string="" X="126177" Y="118273" Z="-3080" delay="0" run="false" />
		<route id="4" string="" X="125979" Y="119528" Z="-2728" delay="60" run="false" />
		<route id="5" string="" X="126177" Y="118273" Z="-3080" delay="0" run="false" />
		<route id="6" string="" X="124617" Y="119069" Z="-3088" delay="0" run="false" />
		<route id="7" string="" X="122670" Y="120890" Z="-3088" delay="0" run="false" />
		<route id="8" string="" X="123383" Y="121093" Z="-2864" delay="30" run="false" />
	</walker>
	<walker npcId="35797">
		<!-- Suspicious Merchant - Ivory Tower Fortress -->
		<route id="0" string="" X="74725" Y="1671" Z="-3128" delay="30" run="false" />
		<route id="1" string="" X="76651" Y="1505" Z="-3552" delay="0" run="false" />
		<route id="2" string="" X="79421" Y="4977" Z="-3080" delay="0" run="false" />
		<route id="3" string="" X="77357" Y="7197" Z="-3208" delay="30" run="false" />
		<route id="4" string="" X="76287" Y="9164" Z="-3568" delay="0" run="false" />
		<route id="5" string="" X="72447" Y="8196" Z="-3264" delay="0" run="false" />
		<route id="6" string="" X="71780" Y="7467" Z="-3160" delay="0" run="false" />
		<route id="7" string="" X="72447" Y="8196" Z="-3264" delay="0" run="false" />
		<route id="8" string="" X="76287" Y="9164" Z="-3568" delay="0" run="false" />
		<route id="9" string="" X="77357" Y="7197" Z="-3208" delay="0" run="false" />
		<route id="10" string="" X="79421" Y="4977" Z="-3080" delay="60" run="false" />
		<route id="11" string="" X="76651" Y="1505" Z="-3552" delay="0" run="false" />
		<route id="12" string="" X="74725" Y="1671" Z="-3128" delay="0" run="false" />
	</walker>
	<walker npcId="35828">
		<!-- Suspicious Merchant - Narsell Fortress -->
		<route id="0" string="" X="159377" Y="52403" Z="-3312" delay="30" run="false" />
		<route id="1" string="" X="161177" Y="54083" Z="-3560" delay="0" run="false" />
		<route id="2" string="" X="162152" Y="54365" Z="-3632" delay="0" run="false" />
		<route id="3" string="" X="162703" Y="55840" Z="-3696" delay="0" run="false" />
		<route id="4" string="" X="162370" Y="58534" Z="-3504" delay="0" run="false" />
		<route id="5" string="" X="160099" Y="60034" Z="-3224" delay="0" run="false" />
		<route id="6" string="" X="158048" Y="62696" Z="-3464" delay="0" run="false" />
		<route id="7" string="" X="157220" Y="63450" Z="-3520" delay="0" run="false" />
		<route id="8" string="" X="155076" Y="63731" Z="-3544" delay="0" run="false" />
		<route id="9" string="" X="153893" Y="64441" Z="-3656" delay="0" run="false" />
		<route id="10" string="" X="153085" Y="62948" Z="-3680" delay="0" run="false" />
		<route id="11" string="" X="150866" Y="58737" Z="-3432" delay="60" run="false" />
		<route id="12" string="" X="153085" Y="62948" Z="-3680" delay="0" run="false" />
		<route id="13" string="" X="153893" Y="64441" Z="-3656" delay="0" run="false" />
		<route id="14" string="" X="155076" Y="63731" Z="-3544" delay="0" run="false" />
		<route id="15" string="" X="157220" Y="63450" Z="-3520" delay="0" run="false" />
		<route id="16" string="" X="158048" Y="62696" Z="-3464" delay="0" run="false" />
		<route id="17" string="" X="160099" Y="60034" Z="-3224" delay="0" run="false" />
		<route id="18" string="" X="162370" Y="58534" Z="-3504" delay="0" run="false" />
		<route id="19" string="" X="162703" Y="55840" Z="-3696" delay="0" run="false" />
		<route id="20" string="" X="162152" Y="54365" Z="-3632" delay="0" run="false" />
		<route id="21" string="" X="161177" Y="54083" Z="-3560" delay="0" run="false" />
		<route id="22" string="" X="159377" Y="52403" Z="-3312" delay="30" run="false" />
	</walker>
	<walker npcId="35859">
		<!-- Suspicious Merchant - Bayou Fortress -->
		<route id="0" string="" X="190423" Y="43540" Z="-3656" delay="30" run="false" />
		<route id="1" string="" X="189579" Y="45949" Z="-4240" delay="0" run="false" />
		<route id="2" string="" X="187058" Y="43551" Z="-4808" delay="0" run="false" />
		<route id="3" string="" X="185916" Y="41869" Z="-4512" delay="30" run="false" />
		<route id="4" string="" X="185292" Y="39403" Z="-4200" delay="0" run="false" />
		<route id="5" string="" X="185167" Y="38401" Z="-4200" delay="0" run="false" />
		<route id="6" string="" X="184984" Y="36863" Z="-4152" delay="0" run="false" />
		<route id="7" string="" X="184377" Y="36425" Z="-4080" delay="0" run="false" />
		<route id="8" string="" X="185314" Y="35866" Z="-3936" delay="0" run="false" />
		<route id="9" string="" X="185781" Y="35955" Z="-3832" delay="0" run="false" />
		<route id="10" string="" X="186686" Y="35667" Z="-3752" delay="60" run="false" />
		<route id="11" string="" X="185781" Y="35955" Z="-3832" delay="0" run="false" />
		<route id="12" string="" X="185314" Y="35866" Z="-3936" delay="0" run="false" />
		<route id="13" string="" X="184377" Y="36425" Z="-4080" delay="0" run="false" />
		<route id="14" string="" X="184984" Y="36863" Z="-4152" delay="0" run="false" />
		<route id="15" string="" X="185167" Y="38401" Z="-4200" delay="0" run="false" />
		<route id="16" string="" X="185292" Y="39403" Z="-4200" delay="0" run="false" />
		<route id="17" string="" X="185916" Y="41869" Z="-4512" delay="30" run="false" />
		<route id="18" string="" X="187058" Y="43551" Z="-4808" delay="0" run="false" />
		<route id="19" string="" X="189579" Y="45949" Z="-4240" delay="0" run="false" />
		<route id="20" string="" X="190423" Y="43540" Z="-3656" delay="30" run="false" />
	</walker>
	<walker npcId="35897">
		<!-- Suspicious Merchant - White Sands Fortress -->
		<route id="0" string="" X="114436" Y="202528" Z="-3408" delay="30" run="false" />
		<route id="1" string="" X="113809" Y="200514" Z="-3720" delay="0" run="false" />
		<route id="2" string="" X="116035" Y="199822" Z="-3664" delay="0" run="false" />
		<route id="3" string="" X="117017" Y="199876" Z="-3632" delay="0" run="false" />
		<route id="4" string="" X="119959" Y="201032" Z="-3608" delay="0" run="false" />
		<route id="5" string="" X="121849" Y="200614" Z="-3384" delay="0" run="false" />
		<route id="6" string="" X="122868" Y="200874" Z="-3168" delay="0" run="false" />
		<route id="7" string="" X="123130" Y="202427" Z="-3128" delay="30" run="false" />
		<route id="8" string="" X="122427" Y="204162" Z="-3488" delay="0" run="false" />
		<route id="9" string="" X="122661" Y="204842" Z="-3576" delay="0" run="false" />
		<route id="10" string="" X="124051" Y="205402" Z="-3576" delay="0" run="false" />
		<route id="11" string="" X="124211" Y="206023" Z="-3504" delay="0" run="false" />
		<route id="12" string="" X="124948" Y="206778" Z="-3400" delay="0" run="false" />
		<route id="13" string="" X="124483" Y="207777" Z="-3200" delay="60" run="false" />
		<route id="14" string="" X="124948" Y="206778" Z="-3400" delay="0" run="false" />
		<route id="15" string="" X="124211" Y="206023" Z="-3504" delay="0" run="false" />
		<route id="16" string="" X="124051" Y="205402" Z="-3576" delay="0" run="false" />
		<route id="17" string="" X="122661" Y="204842" Z="-3576" delay="0" run="false" />
		<route id="18" string="" X="122427" Y="204162" Z="-3488" delay="0" run="false" />
		<route id="19" string="" X="123130" Y="202427" Z="-3128" delay="30" run="false" />
		<route id="20" string="" X="122868" Y="200874" Z="-3168" delay="0" run="false" />
		<route id="21" string="" X="121849" Y="200614" Z="-3384" delay="0" run="false" />
		<route id="22" string="" X="119959" Y="201032" Z="-3608" delay="0" run="false" />
		<route id="23" string="" X="117017" Y="199876" Z="-3632" delay="0" run="false" />
		<route id="24" string="" X="116035" Y="199822" Z="-3664" delay="0" run="false" />
		<route id="25" string="" X="113809" Y="200514" Z="-3720" delay="0" run="false" />
		<route id="26" string="" X="114436" Y="202528" Z="-3408" delay="30" run="false" />
	</walker>
	<walker npcId="35928">
		<!-- Suspicious Merchant - Borderland Fortress -->
		<route id="0" string="" X="161876" Y="-73407" Z="-2984" delay="30" run="false" />
		<route id="1" string="" X="161795" Y="-75288" Z="-3088" delay="0" run="false" />
		<route id="2" string="" X="159678" Y="-77671" Z="-3584" delay="0" run="false" />
		<route id="3" string="" X="158917" Y="-78117" Z="-3760" delay="0" run="false" />
		<route id="4" string="" X="158989" Y="-77130" Z="-3720" delay="0" run="false" />
		<route id="5" string="" X="158757" Y="-75951" Z="-3720" delay="0" run="false" />
		<route id="6" string="" X="158157" Y="-74161" Z="-3592" delay="30" run="false" />
		<route id="7" string="" X="157547" Y="-73326" Z="-3400" delay="0" run="false" />
		<route id="8" string="" X="153815" Y="-71497" Z="-3392" delay="0" run="false" />
		<route id="9" string="" X="153086" Y="-70701" Z="-3488" delay="0" run="false" />
		<route id="10" string="" X="152262" Y="-70352" Z="-3568" delay="0" run="false" />
		<route id="11" string="" X="155193" Y="-69617" Z="-3008" delay="60" run="false" />
		<route id="12" string="" X="152262" Y="-70352" Z="-3568" delay="0" run="false" />
		<route id="13" string="" X="153086" Y="-70701" Z="-3488" delay="0" run="false" />
		<route id="14" string="" X="153815" Y="-71497" Z="-3392" delay="0" run="false" />
		<route id="15" string="" X="157547" Y="-73326" Z="-3400" delay="0" run="false" />
		<route id="16" string="" X="158157" Y="-74161" Z="-3592" delay="30" run="false" />
		<route id="17" string="" X="158757" Y="-75951" Z="-3720" delay="0" run="false" />
		<route id="18" string="" X="158989" Y="-77130" Z="-3720" delay="0" run="false" />
		<route id="19" string="" X="158917" Y="-78117" Z="-3760" delay="0" run="false" />
		<route id="20" string="" X="159678" Y="-77671" Z="-3584" delay="0" run="false" />
		<route id="21" string="" X="161795" Y="-75288" Z="-3088" delay="0" run="false" />
		<route id="22" string="" X="161876" Y="-73407" Z="-2984" delay="30" run="false" />
	</walker>
	<walker npcId="35966">
		<!-- Suspicious Merchant - Swamp Fortress -->
		<route id="0" string="" X="71436" Y="-58182" Z="-2904" delay="30" run="false" />
		<route id="1" string="" X="71731" Y="-56949" Z="-3080" delay="0" run="false" />
		<route id="2" string="" X="72715" Y="-56729" Z="-3104" delay="0" run="false" />
		<route id="3" string="" X="73277" Y="-56055" Z="-3104" delay="30" run="false" />
		<route id="4" string="" X="73369" Y="-55636" Z="-3104" delay="0" run="false" />
		<route id="5" string="" X="74136" Y="-54646" Z="-3104" delay="0" run="false" />
		<route id="6" string="" X="73408" Y="-54422" Z="-3104" delay="0" run="false" />
		<route id="7" string="" X="72998" Y="-53404" Z="-3136" delay="0" run="false" />
		<route id="8" string="" X="71661" Y="-52937" Z="-3104" delay="0" run="false" />
		<route id="9" string="" X="71127" Y="-52304" Z="-3104" delay="0" run="false" />
		<route id="10" string="" X="70225" Y="-52304" Z="-3064" delay="0" run="false" />
		<route id="11" string="" X="69668" Y="-52780" Z="-3064" delay="0" run="false" />
		<route id="12" string="" X="68422" Y="-52407" Z="-3240" delay="0" run="false" />
		<route id="13" string="" X="67702" Y="-52940" Z="-3208" delay="0" run="false" />
		<route id="14" string="" X="67798" Y="-52940" Z="-3232" delay="0" run="false" />
		<route id="15" string="" X="66667" Y="-55841" Z="-2840" delay="60" run="false" />
		<route id="16" string="" X="67798" Y="-52940" Z="-3232" delay="0" run="false" />
		<route id="17" string="" X="67702" Y="-52940" Z="-3208" delay="0" run="false" />
		<route id="18" string="" X="68422" Y="-52407" Z="-3240" delay="0" run="false" />
		<route id="19" string="" X="69668" Y="-52780" Z="-3064" delay="0" run="false" />
		<route id="20" string="" X="70225" Y="-52304" Z="-3064" delay="0" run="false" />
		<route id="21" string="" X="71127" Y="-52304" Z="-3104" delay="0" run="false" />
		<route id="22" string="" X="71661" Y="-52937" Z="-3104" delay="0" run="false" />
		<route id="23" string="" X="72998" Y="-53404" Z="-3136" delay="0" run="false" />
		<route id="24" string="" X="73408" Y="-54422" Z="-3104" delay="0" run="false" />
		<route id="25" string="" X="74136" Y="-54646" Z="-3104" delay="0" run="false" />
		<route id="26" string="" X="73369" Y="-55636" Z="-3104" delay="0" run="false" />
		<route id="27" string="" X="73277" Y="-56055" Z="-3104" delay="30" run="false" />
		<route id="28" string="" X="72715" Y="-56729" Z="-3104" delay="0" run="false" />
		<route id="29" string="" X="71731" Y="-56949" Z="-3080" delay="0" run="false" />
		<route id="30" string="" X="71436" Y="-58182" Z="-2904" delay="30" run="false" />
	</walker>
	<walker npcId="36004">
		<!-- Suspicious Merchant - Archaic Fortress -->
		<route id="0" string="" X="105447" Y="-139845" Z="-3120" delay="30" run="false" />
		<route id="1" string="" X="104918" Y="-140382" Z="-3256" delay="0" run="false" />
		<route id="2" string="" X="105507" Y="-142515" Z="-3648" delay="0" run="false" />
		<route id="3" string="" X="106533" Y="-143107" Z="-3656" delay="0" run="false" />
		<route id="4" string="" X="106714" Y="-143825" Z="-3656" delay="0" run="false" />
		<route id="5" string="" X="107510" Y="-144024" Z="-3656" delay="0" run="false" />
		<route id="6" string="" X="108092" Y="-144888" Z="-3656" delay="30" run="false" />
		<route id="7" string="" X="109499" Y="-145168" Z="-3664" delay="0" run="false" />
		<route id="8" string="" X="110064" Y="-146169" Z="-3456" delay="0" run="false" />
		<route id="9" string="" X="110186" Y="-147427" Z="-3096" delay="0" run="false" />
		<route id="10" string="" X="112389" Y="-147779" Z="-3256" delay="60" run="false" />
		<route id="11" string="" X="110186" Y="-147427" Z="-3096" delay="0" run="false" />
		<route id="12" string="" X="110064" Y="-146169" Z="-3456" delay="0" run="false" />
		<route id="13" string="" X="109499" Y="-145168" Z="-3664" delay="0" run="false" />
		<route id="14" string="" X="108092" Y="-144888" Z="-3656" delay="30" run="false" />
		<route id="15" string="" X="107510" Y="-144024" Z="-3656" delay="0" run="false" />
		<route id="16" string="" X="106714" Y="-143825" Z="-3656" delay="0" run="false" />
		<route id="17" string="" X="106533" Y="-143107" Z="-3656" delay="0" run="false" />
		<route id="18" string="" X="105507" Y="-142515" Z="-3648" delay="0" run="false" />
		<route id="19" string="" X="104918" Y="-140382" Z="-3256" delay="0" run="false" />
		<route id="20" string="" X="105447" Y="-139845" Z="-3120" delay="30" run="false" />
	</walker>
	<walker npcId="36035">
		<!-- Suspicious Merchant - Floran Fortress -->
		<route id="0" string="" X="14186" Y="149947" Z="-3352" delay="20" run="false" />
		<route id="1" string="" X="16180" Y="150387" Z="-3216" delay="0" run="false" />
		<route id="2" string="" X="18387" Y="151874" Z="-3317" delay="0" run="false" />
		<route id="3" string="" X="18405" Y="154770" Z="-3616" delay="30" run="false" />
		<route id="4" string="" X="17655" Y="156863" Z="-3664" delay="0" run="false" />
		<route id="5" string="" X="12303" Y="153937" Z="-2680" delay="0" run="false" />
		<route id="6" string="" X="17655" Y="156863" Z="-3664" delay="0" run="false" />
		<route id="7" string="" X="18405" Y="154770" Z="-3616" delay="30" run="false" />
		<route id="8" string="" X="18387" Y="151874" Z="-3317" delay="0" run="false" />
		<route id="9" string="" X="16180" Y="150387" Z="-3216" delay="0" run="false" />
		<route id="10" string="" X="14186" Y="149947" Z="-3352" delay="20" run="false" />
	</walker>
	<walker npcId="36073">
		<!-- Suspicious Merchant - Cloud Mountain -->
		<route id="0" string="" X="-56032" Y="86017" Z="-3259" delay="30" run="false" />
		<route id="1" string="" X="-57329" Y="86006" Z="-3640" delay="0" run="false" />
		<route id="2" string="" X="-57470" Y="85306" Z="-3664" delay="0" run="false" />
		<route id="3" string="" X="-58892" Y="85159" Z="-3768" delay="30" run="false" />
		<route id="4" string="" X="-59030" Y="80150" Z="-3632" delay="0" run="false" />
		<route id="5" string="" X="-57642" Y="77591" Z="-3512" delay="20" run="false" />
		<route id="6" string="" X="-53971" Y="77664" Z="-3224" delay="40" run="false" />
		<route id="7" string="" X="-53271" Y="85126" Z="-3552" delay="60" run="false" />
		<route id="8" string="" X="-53971" Y="77664" Z="-3224" delay="40" run="false" />
		<route id="9" string="" X="-57642" Y="77591" Z="-3512" delay="20" run="false" />
		<route id="10" string="" X="-59030" Y="80150" Z="-3632" delay="0" run="false" />
		<route id="11" string="" X="-58892" Y="85159" Z="-3768" delay="30" run="false" />
		<route id="12" string="" X="-57470" Y="85306" Z="-3664" delay="0" run="false" />
		<route id="13" string="" X="-57329" Y="86006" Z="-3640" delay="0" run="false" />
		<route id="14" string="" X="-56032" Y="86017" Z="-3259" delay="30" run="false" />
	</walker>
	<walker npcId="36111">
		<!-- Suspicious Merchant - Tanor Fortress -->
		<route id="0" string="" X="58314" Y="136319" Z="-2000" delay="30" run="false" />
		<route id="1" string="" X="57078" Y="137124" Z="-2216" delay="0" run="false" />
		<route id="2" string="" X="54644" Y="137366" Z="-2600" delay="0" run="false" />
		<route id="3" string="" X="58696" Y="134202" Z="-3096" delay="30" run="false" />
		<route id="4" string="" X="60967" Y="134154" Z="-3416" delay="0" run="false" />
		<route id="5" string="" X="62813" Y="134744" Z="-3592" delay="0" run="false" />
		<route id="6" string="" X="65158" Y="135007" Z="-3728" delay="0" run="false" />
		<route id="7" string="" X="64278" Y="139384" Z="-3176" delay="30" run="false" />
		<route id="8" string="" X="63711" Y="140599" Z="-2720" delay="0" run="false" />
		<route id="9" string="" X="63187" Y="141192" Z="-2440" delay="0" run="false" />
		<route id="10" string="" X="62811" Y="142466" Z="-2064" delay="60" run="false" />
		<route id="11" string="" X="63187" Y="141192" Z="-2440" delay="0" run="false" />
		<route id="12" string="" X="63711" Y="140599" Z="-2720" delay="0" run="false" />
		<route id="13" string="" X="64278" Y="139384" Z="-3176" delay="30" run="false" />
		<route id="14" string="" X="65158" Y="135007" Z="-3728" delay="0" run="false" />
		<route id="15" string="" X="62813" Y="134744" Z="-3592" delay="0" run="false" />
		<route id="16" string="" X="60967" Y="134154" Z="-3416" delay="0" run="false" />
		<route id="17" string="" X="58696" Y="134202" Z="-3096" delay="30" run="false" />
		<route id="18" string="" X="54644" Y="137366" Z="-2600" delay="0" run="false" />
		<route id="19" string="" X="57078" Y="137124" Z="-2216" delay="0" run="false" />
		<route id="20" string="" X="58314" Y="136319" Z="-2000" delay="30" run="false" />
	</walker>
	<walker npcId="36142">
		<!-- Suspicious Merchant - Dragonspine Fortress -->
		<route id="0" string="" X="9318" Y="92253" Z="-3536" delay="30" run="false" />
		<route id="1" string="" X="9117" Y="91645" Z="-3656" delay="0" run="false" />
		<route id="2" string="" X="9240" Y="90149" Z="-3592" delay="0" run="false" />
		<route id="3" string="" X="11509" Y="90093" Z="-3720" delay="20" run="false" />
		<route id="4" string="" X="13269" Y="90004" Z="-3840" delay="20" run="false" />
		<route id="5" string="" X="14812" Y="89578" Z="-3832" delay="20" run="false" />
		<route id="6" string="" X="14450" Y="90636" Z="-3680" delay="0" run="false" />
		<route id="7" string="" X="14236" Y="91690" Z="-3656" delay="0" run="false" />
		<route id="8" string="" X="13636" Y="92359" Z="-3480" delay="60" run="false" />
		<route id="9" string="" X="14236" Y="91690" Z="-3656" delay="0" run="false" />
		<route id="10" string="" X="14450" Y="90636" Z="-3680" delay="0" run="false" />
		<route id="11" string="" X="14812" Y="89578" Z="-3832" delay="20" run="false" />
		<route id="12" string="" X="13269" Y="90004" Z="-3840" delay="20" run="false" />
		<route id="13" string="" X="11509" Y="90093" Z="-3720" delay="20" run="false" />
		<route id="14" string="" X="9240" Y="90149" Z="-3592" delay="0" run="false" />
		<route id="15" string="" X="9117" Y="91645" Z="-3656" delay="0" run="false" />
		<route id="16" string="" X="9318" Y="92253" Z="-3536" delay="30" run="false" />
	</walker>
	<walker npcId="36173">
		<!-- Suspicious Merchant - Antharas Fortress -->
		<route id="0" string="" X="74810" Y="90814" Z="-3344" delay="30" run="false" />
		<route id="1" string="" X="75094" Y="92951" Z="-3104" delay="0" run="false" />
		<route id="2" string="" X="75486" Y="92906" Z="-3072" delay="0" run="false" />
		<route id="3" string="" X="75765" Y="91794" Z="-2912" delay="0" run="false" />
		<route id="4" string="" X="77116" Y="90455" Z="-2896" delay="0" run="false" />
		<route id="5" string="" X="77743" Y="89119" Z="-2896" delay="15" run="false" />
		<route id="6" string="" X="77118" Y="90457" Z="-2896" delay="0" run="false" />
		<route id="7" string="" X="75750" Y="91811" Z="-2912" delay="0" run="false" />
		<route id="8" string="" X="75479" Y="92904" Z="-3072" delay="0" run="false" />
		<route id="9" string="" X="75094" Y="92943" Z="-3104" delay="0" run="false" />
		<route id="10" string="" X="74809" Y="90794" Z="-3344" delay="0" run="false" />
		<route id="11" string="" X="76932" Y="88297" Z="-3296" delay="0" run="false" />
		<route id="12" string="" X="77882" Y="87441" Z="-3408" delay="0" run="false" />
		<route id="13" string="" X="78257" Y="85859" Z="-3632" delay="0" run="false" />
		<route id="14" string="" X="80994" Y="85866" Z="-3472" delay="0" run="false" />
		<route id="15" string="" X="82676" Y="87519" Z="-3360" delay="0" run="false" />
		<route id="16" string="" X="83778" Y="88414" Z="-3376" delay="0" run="false" />
		<route id="17" string="" X="83504" Y="90378" Z="-3120" delay="0" run="false" />
		<route id="18" string="" X="84431" Y="90379" Z="-3264" delay="0" run="false" />
		<route id="19" string="" X="85453" Y="90117" Z="-3312" delay="0" run="false" />
		<route id="20" string="" X="85605" Y="89708" Z="-3296" delay="0" run="false" />
		<route id="21" string="" X="84894" Y="88975" Z="-3344" delay="0" run="false" />
		<route id="22" string="" X="83735" Y="88382" Z="-3376" delay="0" run="false" />
		<route id="23" string="" X="82616" Y="87485" Z="-3360" delay="0" run="false" />
		<route id="24" string="" X="80971" Y="85855" Z="-3472" delay="0" run="false" />
		<route id="25" string="" X="78247" Y="85853" Z="-3632" delay="0" run="false" />
		<route id="26" string="" X="77868" Y="87463" Z="-3408" delay="0" run="false" />
		<route id="27" string="" X="76916" Y="88304" Z="-3280" delay="0" run="false" />
		<route id="28" string="" X="75494" Y="89865" Z="-3200" delay="0" run="false" />
		<route id="29" string="" X="74810" Y="90814" Z="-3344" delay="30" run="false" />
	</walker>
	<walker npcId="36211">
		<!-- Suspicious Merchant - Western Fortress -->
		<route id="0" string="" X="114221" Y="-18762" Z="-1768" delay="30" run="false" />
		<route id="1" string="" X="115920" Y="-19177" Z="-2120" delay="0" run="false" />
		<route id="2" string="" X="117105" Y="-19759" Z="-2400" delay="0" run="false" />
		<route id="3" string="" X="118417" Y="-20135" Z="-2632" delay="30" run="false" />
		<route id="4" string="" X="118881" Y="-20011" Z="-2712" delay="0" run="false" />
		<route id="5" string="" X="117210" Y="-18329" Z="-1816" delay="60" run="false" />
		<route id="6" string="" X="118881" Y="-20011" Z="-2712" delay="0" run="false" />
		<route id="7" string="" X="118417" Y="-20135" Z="-2632" delay="30" run="false" />
		<route id="8" string="" X="117105" Y="-19759" Z="-2400" delay="0" run="false" />
		<route id="9" string="" X="115920" Y="-19177" Z="-2120" delay="0" run="false" />
		<route id="10" string="" X="114221" Y="-18762" Z="-1768" delay="30" run="false" />
	</walker>
	<walker npcId="36249">
		<!-- Suspicious Merchant - Hunters Fortress -->
		<route id="0" string="" X="121072" Y="93215" Z="-2736" delay="30" run="false" />
		<route id="1" string="" X="122718" Y="92355" Z="-2320" delay="0" run="false" />
		<route id="2" string="" X="126171" Y="91910" Z="-2216" delay="0" run="false" />
		<route id="3" string="" X="126353" Y="90422" Z="-2296" delay="0" run="false" />
		<route id="4" string="" X="125796" Y="87720" Z="-2432" delay="0" run="false" />
		<route id="5" string="" X="124803" Y="85970" Z="-2464" delay="0" run="false" />
		<route id="6" string="" X="125036" Y="83836" Z="-2376" delay="30" run="false" />
		<route id="7" string="" X="128886" Y="83331" Z="-1416" delay="0" run="false" />
		<route id="8" string="" X="129697" Y="84969" Z="-1256" delay="0" run="false" />
		<route id="9" string="" X="126291" Y="86712" Z="-2240" delay="0" run="false" />
		<route id="10" string="" X="126599" Y="88950" Z="-2325" delay="0" run="false" />
		<route id="11" string="" X="126847" Y="90713" Z="-2264" delay="0" run="false" />
		<route id="12" string="" X="126599" Y="88950" Z="-2325" delay="0" run="false" />
		<route id="13" string="" X="126291" Y="86712" Z="-2240" delay="0" run="false" />
		<route id="14" string="" X="129697" Y="84969" Z="-1256" delay="0" run="false" />
		<route id="15" string="" X="128886" Y="83331" Z="-1416" delay="0" run="false" />
		<route id="16" string="" X="125036" Y="83836" Z="-2376" delay="30" run="false" />
		<route id="17" string="" X="124803" Y="85970" Z="-2464" delay="0" run="false" />
		<route id="18" string="" X="125796" Y="87720" Z="-2432" delay="0" run="false" />
		<route id="19" string="" X="126353" Y="90422" Z="-2296" delay="0" run="false" />
		<route id="20" string="" X="126171" Y="91910" Z="-2216" delay="0" run="false" />
		<route id="21" string="" X="122718" Y="92355" Z="-2320" delay="0" run="false" />
		<route id="22" string="" X="121072" Y="93215" Z="-2736" delay="30" run="false" />
	</walker>
	<walker npcId="36287">
		<!-- Suspicious Merchant - Aaru Fortress -->
		<route id="0" string="" X="71692" Y="188004" Z="-2616" delay="30" run="false" />
		<route id="1" string="" X="69326" Y="187042" Z="-3008" delay="0" run="false" />
		<route id="2" string="" X="68627" Y="185540" Z="-2984" delay="0" run="false" />
		<route id="3" string="" X="69077" Y="184566" Z="-2976" delay="30" run="false" />
		<route id="4" string="" X="70642" Y="182573" Z="-2992" delay="0" run="false" />
		<route id="5" string="" X="73647" Y="181706" Z="-3160" delay="0" run="false" />
		<route id="6" string="" X="74283" Y="181756" Z="-3152" delay="0" run="false" />
		<route id="7" string="" X="73655" Y="182960" Z="-2736" delay="60" run="false" />
		<route id="8" string="" X="74283" Y="181756" Z="-3152" delay="0" run="false" />
		<route id="9" string="" X="73647" Y="181706" Z="-3160" delay="0" run="false" />
		<route id="10" string="" X="70642" Y="182573" Z="-2992" delay="0" run="false" />
		<route id="11" string="" X="69077" Y="184566" Z="-2976" delay="30" run="false" />
		<route id="12" string="" X="68627" Y="185540" Z="-2984" delay="0" run="false" />
		<route id="13" string="" X="69326" Y="187042" Z="-3008" delay="0" run="false" />
		<route id="14" string="" X="71692" Y="188004" Z="-2616" delay="30" run="false" />
	</walker>
	<walker npcId="36318">
		<!-- Suspicious Merchant - Demon Fortress -->
		<route id="0" string="" X="104150" Y="-57163" Z="-848" delay="30" run="false" />
		<route id="1" string="" X="106218" Y="-59401" Z="-1344" delay="0" run="false" />
		<route id="2" string="" X="106898" Y="-59553" Z="-1664" delay="30" run="false" />
		<route id="3" string="" X="107352" Y="-60168" Z="-2000" delay="0" run="false" />
		<route id="4" string="" X="107651" Y="-61177" Z="-2400" delay="0" run="false" />
		<route id="5" string="" X="109094" Y="-62678" Z="-3248" delay="0" run="false" />
		<route id="6" string="" X="108266" Y="-62657" Z="-3104" delay="0" run="false" />
		<route id="7" string="" X="105169" Y="-61226" Z="-2616" delay="0" run="false" />
		<route id="8" string="" X="102968" Y="-59982" Z="-2384" delay="0" run="false" />
		<route id="9" string="" X="100070" Y="-60173" Z="-2792" delay="0" run="false" />
		<route id="10" string="" X="98764" Y="-61095" Z="-2768" delay="0" run="false" />
		<route id="11" string="" X="94946" Y="-60039" Z="-2432" delay="0" run="false" />
		<route id="12" string="" X="96103" Y="-59078" Z="-1992" delay="0" run="false" />
		<route id="13" string="" X="96884" Y="-59043" Z="-1656" delay="0" run="false" />
		<route id="14" string="" X="97064" Y="-57884" Z="-1256" delay="30" run="false" />
		<route id="15" string="" X="96884" Y="-59043" Z="-1656" delay="0" run="false" />
		<route id="16" string="" X="96103" Y="-59078" Z="-1992" delay="0" run="false" />
		<route id="17" string="" X="94946" Y="-60039" Z="-2432" delay="0" run="false" />
		<route id="18" string="" X="98764" Y="-61095" Z="-2768" delay="0" run="false" />
		<route id="19" string="" X="100070" Y="-60173" Z="-2792" delay="0" run="false" />
		<route id="20" string="" X="102968" Y="-59982" Z="-2384" delay="0" run="false" />
		<route id="21" string="" X="105169" Y="-61226" Z="-2616" delay="0" run="false" />
		<route id="22" string="" X="108266" Y="-62657" Z="-3104" delay="0" run="false" />
		<route id="23" string="" X="109094" Y="-62678" Z="-3248" delay="0" run="false" />
		<route id="24" string="" X="107651" Y="-61177" Z="-2400" delay="0" run="false" />
		<route id="25" string="" X="107352" Y="-60168" Z="-2000" delay="0" run="false" />
		<route id="26" string="" X="106898" Y="-59553" Z="-1664" delay="30" run="false" />
		<route id="27" string="" X="106218" Y="-59401" Z="-1344" delay="0" run="false" />
		<route id="28" string="" X="104150" Y="-57163" Z="-848" delay="30" run="false" />
	</walker>
	<walker npcId="36356">
		<!-- Suspicious Merchant - Monastic Fortress -->
		<route id="0" string="" X="69553" Y="-91746" Z="-1488" delay="30" run="false" />
		<route id="1" string="" X="70941" Y="-89751" Z="-2256" delay="0" run="false" />
		<route id="2" string="" X="71104" Y="-89094" Z="-2368" delay="0" run="false" />
		<route id="3" string="" X="73471" Y="-91462" Z="-2024" delay="30" run="false" />
		<route id="4" string="" X="74532" Y="-92202" Z="-1776" delay="0" run="false" />
		<route id="5" string="" X="74908" Y="-93152" Z="-1536" delay="60" run="false" />
		<route id="6" string="" X="74532" Y="-92202" Z="-1776" delay="0" run="false" />
		<route id="7" string="" X="73471" Y="-91462" Z="-2024" delay="30" run="false" />
		<route id="8" string="" X="71104" Y="-89094" Z="-2368" delay="0" run="false" />
		<route id="9" string="" X="70941" Y="-89751" Z="-2256" delay="0" run="false" />
		<route id="10" string="" X="69553" Y="-91746" Z="-1488" delay="30" run="false" />
	</walker>
</routes>